month,region,product,revenue,units
2025-01-01,North,Alpha,2100,82
2025-01-01,North,Beta,7942,18
2025-01-01,North,Gamma,3089,25
2025-01-01,South,Alpha,5058,67
2025-01-01,South,Beta,4868,58
2025-01-01,South,Gamma,7461,36
2025-01-01,East,Alpha,1768,72
2025-01-01,East,Beta,1232,59
2025-01-01,East,Gamma,4545,87
2025-01-01,West,Alpha,7244,10
2025-01-01,West,Beta,6700,67
2025-01-01,West,Gamma,3181,39
2025-02-01,North,Alpha,5842,23
2025-02-01,North,Beta,8384,50
2025-02-01,North,Gamma,1250,12
2025-02-01,South,Alpha,1208,79
2025-02-01,South,Beta,1075,58
2025-02-01,South,Gamma,6623,37
2025-02-01,East,Alpha,8938,64
2025-02-01,East,Beta,6946,13
2025-02-01,East,Gamma,5322,38
2025-02-01,West,Alpha,7256,66
2025-02-01,West,Beta,8693,73
2025-02-01,West,Gamma,5529,39
2025-03-01,North,Alpha,3831,39
2025-03-01,North,Beta,6544,38
2025-03-01,North,Gamma,7233,68
2025-03-01,South,Alpha,8800,47
2025-03-01,South,Beta,8589,12
2025-03-01,South,Gamma,4409,81
2025-03-01,East,Alpha,8554,22
2025-03-01,East,Beta,2522,90
2025-03-01,East,Gamma,6928,47
2025-03-01,West,Alpha,1990,52
2025-03-01,West,Beta,8336,74
2025-03-01,West,Gamma,8671,64
2025-04-01,North,Alpha,5159,34
2025-04-01,North,Beta,3485,46
2025-04-01,North,Gamma,5813,73
2025-04-01,South,Alpha,7932,74
2025-04-01,South,Beta,4222,85
2025-04-01,South,Gamma,7990,14
2025-04-01,East,Alpha,4934,41
2025-04-01,East,Beta,7092,61
2025-04-01,East,Gamma,4394,32
2025-04-01,West,Alpha,4007,80
2025-04-01,West,Beta,8231,57
2025-04-01,West,Gamma,1708,66
2025-05-01,North,Alpha,6437,75
2025-05-01,North,Beta,1884,30
2025-05-01,North,Gamma,5267,60
2025-05-01,South,Alpha,4035,72
2025-05-01,South,Beta,7002,13
2025-05-01,South,Gamma,4844,15
2025-05-01,East,Alpha,3527,88
2025-05-01,East,Beta,5859,84
2025-05-01,East,Gamma,4224,31
2025-05-01,West,Alpha,2381,74
2025-05-01,West,Beta,2859,11
2025-05-01,West,Gamma,7312,35
2025-06-01,North,Alpha,5420,80
2025-06-01,North,Beta,2901,61
2025-06-01,North,Gamma,5208,54
2025-06-01,South,Alpha,8802,83
2025-06-01,South,Beta,3894,68
2025-06-01,South,Gamma,8452,44
2025-06-01,East,Alpha,6400,80
2025-06-01,East,Beta,5988,10
2025-06-01,East,Gamma,4143,75
2025-06-01,West,Alpha,7628,26
2025-06-01,West,Beta,5249,81
2025-06-01,West,Gamma,2683,64
2025-07-01,North,Alpha,8780,17
2025-07-01,North,Beta,4941,56
2025-07-01,North,Gamma,5669,80
2025-07-01,South,Alpha,2637,74
2025-07-01,South,Beta,4386,72
2025-07-01,South,Gamma,7662,55
2025-07-01,East,Alpha,4394,54
2025-07-01,East,Beta,1012,78
2025-07-01,East,Gamma,5424,89
2025-07-01,West,Alpha,7442,88
2025-07-01,West,Beta,3712,68
2025-07-01,West,Gamma,5914,13
2025-08-01,North,Alpha,7591,39
2025-08-01,North,Beta,6204,32
2025-08-01,North,Gamma,5511,84
2025-08-01,South,Alpha,2480,21
2025-08-01,South,Beta,7540,80
2025-08-01,South,Gamma,7529,42
2025-08-01,East,Alpha,1265,19
2025-08-01,East,Beta,1681,12
2025-08-01,East,Gamma,4710,11
2025-08-01,West,Alpha,7177,45
2025-08-01,West,Beta,3044,44
2025-08-01,West,Gamma,1896,89
2025-09-01,North,Alpha,2512,54
2025-09-01,North,Beta,3378,18
2025-09-01,North,Gamma,2371,30
2025-09-01,South,Alpha,3090,77
2025-09-01,South,Beta,8798,31
2025-09-01,South,Gamma,6379,44
2025-09-01,East,Alpha,6310,47
2025-09-01,East,Beta,4724,51
2025-09-01,East,Gamma,5067,70
2025-09-01,West,Alpha,1935,13
2025-09-01,West,Beta,3555,59
2025-09-01,West,Gamma,3812,63
2025-10-01,North,Alpha,7522,34
2025-10-01,North,Beta,3116,23
2025-10-01,North,Gamma,3076,75
2025-10-01,South,Alpha,2712,87
2025-10-01,South,Beta,4536,12
2025-10-01,South,Gamma,2846,12
2025-10-01,East,Alpha,4254,28
2025-10-01,East,Beta,1289,30
2025-10-01,East,Gamma,4650,74
2025-10-01,West,Alpha,6555,64
2025-10-01,West,Beta,5462,38
2025-10-01,West,Gamma,8992,90
2025-11-01,North,Alpha,7535,76
2025-11-01,North,Beta,4693,38
2025-11-01,North,Gamma,5291,13
2025-11-01,South,Alpha,4235,83
2025-11-01,South,Beta,7581,51
2025-11-01,South,Gamma,6405,90
2025-11-01,East,Alpha,4492,17
2025-11-01,East,Beta,7041,48
2025-11-01,East,Gamma,2029,37
2025-11-01,West,Alpha,8172,16
2025-11-01,West,Beta,3509,19
2025-11-01,West,Gamma,8032,19
2025-12-01,North,Alpha,3542,48
2025-12-01,North,Beta,7093,30
2025-12-01,North,Gamma,4409,82
2025-12-01,South,Alpha,3067,26
2025-12-01,South,Beta,1069,81
2025-12-01,South,Gamma,8198,14
2025-12-01,East,Alpha,5838,37
2025-12-01,East,Beta,8882,82
2025-12-01,East,Gamma,4775,31
2025-12-01,West,Alpha,7782,89
2025-12-01,West,Beta,5168,14
2025-12-01,West,Gamma,4096,35
